Timestamp,Jenis Kelamin,Angkatan (Tahun Masuk),Semester saat ini,IPK terakhir ,Status aktivitas akademik,Platform media sosial yang sering dipakai,Rata-rata waktu penggunaan media sosial per hari,Proporsi konten edukasi dari total waktu sosmed (persepsi),"Seberapa sering kamu menggunakan media sosial khusus untuk belajar TI?  (mencari tutorial, debugging video, repo, dsb.)? ",Seberapa sering kamu terdistraksi (scrolling tidak relevan) selama waktu belajar?  ,Saya menonton tutorial video (YouTube/TikTok) untuk menyelesaikan tugas pemrograman,"Saya mengikuti Channel/Creator TI (YouTube, Tiktok, Instagram, Discord) untuk materi/topik kursus",Saya memakai media sosial untuk mencari solusi debugging,Saya menonton konten singkat (reels/TikTok) untuk motivasi belajar atau quick tips,Saya bergabung dengan komunitas TI (Discord/Telegram/Reddit),Media sosial mempermudah pemahaman konsep mata kuliah TI,Media sosial mempercepat penyelesaian tugas karena ada tutorial/solusi yang relevan  ,Media sosial membantu saya menemukan sumber referensi / repo yang berguna untuk tugas proyek  ,Penggunaan media sosial membuat nilai/performaku membaik secara nyata  ,Media sosial lebih sering menjadi sumber distraksi daripada sumber pembelajaran  ,"Ketika tugas sulit, langkah pertama saya",Seberapa sering kamu mengunggah/berbagi konten pembelajaran yang kamu temukan ke teman (share)? ,Penggunaan media sosial untuk belajar membuat saya belajar lebih lama dari yang direncanakan (time sink)  ,Penggunaan media sosial berkontribusi pada kurangnya waktu tidur saat mengejar deadline,Saya setuju jika dosen memasukkan konten YouTube/TikTok edukasi resmi sebagai referensi wajib  ,Saya nyaman jika kampus menyediakan playlist resmi dari channel edukasi TI  ,Saya bersedia menggunakan platform campus-official yang mengkurasi konten sosial ,"Menurutmu, seberapa besar pengaruh medsos terhadap prestasi akademikmu?  "
24/09/2025 22:37:58,Laki-Laki,2024,3,2.5 - 3.0,Aktif kuliah penuh waktu,"Instagram, Discord",> 6 jam,> 70%,5,5,5,5,5,5,5,5,5,5,5,5,Cari tutorial/Youtube,5,5,5,5,5,Ya,5,
24/09/2025 23:10:04,Laki-Laki,2023,5,> 3.5,Aktif kuliah penuh waktu,"Youtube, Instagram",> 6 jam,0 - 10%,3,5,3,2,1,5,3,5,5,4,3,4,Cari tutorial/Youtube,5,5,5,5,5,Ya,3,
25/09/2025 08:39:38,Laki-Laki,2022,6,> 3.5,Aktif kuliah penuh waktu,"Youtube, Instagram, X, Discord",2 - 4 jam,11 - 30%,3,3,4,4,5,1,1,5,5,4,4,4,Coba sendiri dulu,1,3,5,3,5,Ya,3,
25/09/2025 10:57:30,Laki-Laki,2023,5,> 3.5,Aktif kuliah penuh waktu,"TikTok, Youtube, Instagram",1 - 2 jam,31 - 50%,4,4,4,3,4,2,4,4,2,4,3,4,Coba sendiri dulu,3,4,4,3,4,Ya,3,
26/09/2025 10:56:42,Laki-Laki,2022,7,> 3.5,Aktif kuliah penuh waktu,"Youtube, Instagram, X, Discord",2 - 4 jam,31 - 50%,4,4,2,5,2,1,3,3,4,2,2,4,Cari tutorial/Youtube,3,5,3,3,5,Ya,3,
26/09/2025 22:46:40,Laki-Laki,2023,5,> 3.5,Aktif kuliah penuh waktu,"Youtube, Instagram",2 - 4 jam,11 - 30%,4,5,1,2,2,4,4,4,3,3,2,4,Coba sendiri dulu,4,3,3,2,3,Ya,2,
27/09/2025 12:30:04,Laki-Laki,2023,5,3.0 - 3.5,Aktif kuliah penuh waktu,"Youtube, X, Discord, Reddit",> 6 jam,0 - 10%,2,5,2,3,2,2,3,4,3,4,2,5,Tanya AI,1,2,5,5,5,Ya,2,
28/09/2025 14:00:55,Laki-Laki,2023,5,> 3.5,Aktif kuliah penuh waktu,Instagram,2 - 4 jam,31 - 50%,4,4,4,4,3,3,4,5,3,4,3,4,Cari tutorial/Youtube,4,4,3,3,4,Ya,4,
28/09/2025 14:06:33,Laki-Laki,2023,5,> 3.5,Aktif kuliah penuh waktu,"Youtube, X, Reddit",2 - 4 jam,31 - 50%,5,5,5,5,3,1,4,5,5,5,5,3,Baca dokumentasi resmi,1,2,5,5,5,Tidak,3,
28/09/2025 14:13:13,Laki-Laki,2024,3,> 3.5,Aktif kuliah penuh waktu,"TikTok, Youtube, Instagram, Discord, Reddit, LinkedIn",2 - 4 jam,11 - 30%,4,2,3,3,3,2,4,4,4,4,4,2,Coba sendiri dulu,3,3,2,3,4,Ya,3,
28/09/2025 14:14:55,Laki-Laki,2023,5,> 3.5,Aktif kuliah penuh waktu,"TikTok, Instagram, WA",> 6 jam,11 - 30%,4,4,2,2,2,2,2,3,3,2,2,3,Tanya AI,1,2,2,3,3,Ya,3,
28/09/2025 14:15:55,Laki-Laki,2023,5,> 3.5,Aktif kuliah penuh waktu,"TikTok, Youtube, Instagram, X, Facebook, Discord",2 - 4 jam,31 - 50%,5,3,5,4,4,4,4,5,4,5,5,4,Coba sendiri dulu,4,4,4,4,4,Ya,4,
28/09/2025 14:25:38,Perempuan,2023,5,> 3.5,Aktif kuliah penuh waktu,"TikTok, Youtube, Instagram, X",2 - 4 jam,11 - 30%,4,3,3,4,3,3,2,4,4,3,3,3,Cari tutorial/Youtube,2,3,4,3,5,Ya,4,
28/09/2025 14:36:33,Laki-Laki,2023,5,> 3.5,Aktif kuliah penuh waktu,"Youtube, Instagram",2 - 4 jam,31 - 50%,4,2,4,2,2,4,2,4,4,4,4,4,Tanya AI,1,2,3,1,1,Tidak,4,
28/09/2025 14:44:26,Perempuan,2023,5,> 3.5,Aktif kuliah penuh waktu,Youtube,1 - 2 jam,31 - 50%,4,2,2,3,1,1,1,3,4,1,1,1,Tanya AI,3,1,1,3,4,Ya,1,
28/09/2025 14:50:52,Laki-Laki,2022,7,3.0 - 3.5,Aktif kuliah penuh waktu,"Youtube, Instagram",2 - 4 jam,0 - 10%,4,2,4,5,5,5,1,5,5,5,5,1,Cari tutorial/Youtube,1,5,3,4,5,Ya,5,
28/09/2025 14:54:01,Perempuan,2023,5,> 3.5,Aktif kuliah penuh waktu,"Youtube, Instagram, Discord",> 6 jam,51 - 70%,4,3,5,4,4,3,3,4,4,4,4,4,Baca dokumentasi resmi,4,4,4,4,4,Ya,4,
28/09/2025 14:54:03,Perempuan,2023,5,3.0 - 3.5,Aktif kuliah penuh waktu,"Youtube, Instagram, X",4 - 6 jam,11 - 30%,4,4,3,3,3,4,3,3,4,4,4,4,Cari tutorial/Youtube,2,3,3,3,3,Ya,4,
28/09/2025 16:28:44,Perempuan,2023,5,> 3.5,Aktif kuliah penuh waktu,"TikTok, Youtube, Instagram",4 - 6 jam,31 - 50%,3,4,3,4,2,5,2,4,4,4,3,4,Tanya AI,3,1,5,5,5,Ya,3,
28/09/2025 16:33:57,Laki-Laki,2023,5,3.0 - 3.5,Aktif kuliah penuh waktu,"TikTok, Youtube, Instagram, X, Telegram, Discord, Reddit",2 - 4 jam,11 - 30%,3,4,4,5,3,4,3,3,4,4,4,5,Coba sendiri dulu,4,3,4,4,3,Ya,3,
28/09/2025 16:36:24,Perempuan,2023,5,> 3.5,Aktif kuliah penuh waktu,"Youtube, Instagram, X",> 6 jam,11 - 30%,3,4,4,2,2,2,1,3,4,3,3,4,Tanya AI,2,3,4,4,4,Ya,3,
28/09/2025 16:39:15,Perempuan,2023,5,3.0 - 3.5,Aktif kuliah penuh waktu,"TikTok, Youtube, Instagram, X, Telegram, Discord, LinkedIn",4 - 6 jam,11 - 30%,4,5,5,5,4,5,5,4,4,4,4,4,Cari tutorial/Youtube,3,4,4,3,3,Ya,4,
28/09/2025 16:45:20,Laki-Laki,2023,5,> 3.5,Aktif kuliah penuh waktu,"TikTok, Instagram",> 6 jam,31 - 50%,5,5,3,3,3,5,4,5,5,5,5,4,Tanya AI,2,2,5,5,5,Ya,3,
28/09/2025 16:46:22,Perempuan,2023,5,> 3.5,Aktif kuliah penuh waktu,"TikTok, Instagram, X, LinkedIn",> 6 jam,11 - 30%,3,3,3,3,3,4,1,3,3,3,3,3,Coba sendiri dulu,2,3,3,3,3,Ya,3,
28/09/2025 16:47:28,Perempuan,2023,5,> 3.5,Aktif kuliah penuh waktu,"TikTok, Youtube, Instagram, X",4 - 6 jam,11 - 30%,2,5,3,2,4,3,2,5,5,5,5,4,Tanya teman/Discord,3,3,4,3,4,Ya,4,
28/09/2025 16:48:52,Laki-Laki,2023,5,> 3.5,Aktif kuliah penuh waktu,"TikTok, Youtube, Instagram, X, LinkedIn",2 - 4 jam,51 - 70%,3,4,4,4,2,3,3,3,3,3,2,4,Cari tutorial/Youtube,2,4,4,3,4,Ya,3,
28/09/2025 17:02:18,Perempuan,2023,5,3.0 - 3.5,Aktif kuliah penuh waktu,"TikTok, Youtube, Instagram, X",4 - 6 jam,0 - 10%,2,4,2,3,3,4,1,4,4,4,3,4,Cari tutorial/Youtube,4,2,4,3,4,Ya,4,
28/09/2025 17:37:59,Perempuan,2023,5,> 3.5,Aktif + kerja paruh waktu,"TikTok, Instagram, X, Telegram",2 - 4 jam,11 - 30%,2,3,2,4,1,4,1,5,4,4,3,4,Cari tutorial/Youtube,4,3,3,4,4,Ya,5,
28/09/2025 17:46:08,Perempuan,2023,5,3.0 - 3.5,Aktif kuliah penuh waktu,"TikTok, Youtube, Instagram, X",2 - 4 jam,11 - 30%,3,4,3,3,2,3,1,4,5,4,3,5,Coba sendiri dulu,2,4,5,2,3,Ya,3,
28/09/2025 18:02:46,Laki-Laki,2023,5,> 3.5,Aktif kuliah penuh waktu,"Youtube, Instagram, Discord, Reddit",1 - 2 jam,31 - 50%,4,4,4,4,4,2,4,3,4,4,3,4,Cari tutorial/Youtube,2,3,2,3,3,Ya,3,
28/09/2025 18:15:43,Perempuan,2023,5,> 3.5,Aktif kuliah penuh waktu,"TikTok, Youtube, Instagram",2 - 4 jam,11 - 30%,4,5,4,4,4,1,1,4,4,4,3,4,Coba sendiri dulu,2,4,4,3,3,Ya,3,
28/09/2025 19:04:35,Perempuan,2023,5,3.0 - 3.5,Aktif kuliah penuh waktu,"TikTok, Youtube, Instagram, X, Telegram, Discord",2 - 4 jam,31 - 50%,1,3,1,1,4,5,1,2,5,5,4,3,Tanya teman/Discord,2,2,2,3,3,Ya,3,
28/09/2025 19:16:31,Perempuan,2023,5,3.0 - 3.5,Aktif + kerja paruh waktu,"TikTok, Youtube, Instagram, X, Discord, LinkedIn",1 - 2 jam,51 - 70%,5,3,3,3,3,5,3,5,5,5,5,3,Coba sendiri dulu,5,3,5,3,5,Ya,3,
28/09/2025 19:32:51,Perempuan,2023,5,> 3.5,Aktif + kerja paruh waktu,"TikTok, Instagram",4 - 6 jam,0 - 10%,2,5,3,3,3,4,1,3,5,5,5,5,Cari tutorial/Youtube,3,3,4,2,4,Ya,4,
28/09/2025 20:17:02,Perempuan,2023,5,> 3.5,Aktif kuliah penuh waktu,"TikTok, Instagram, X",4 - 6 jam,31 - 50%,3,4,4,4,3,4,3,4,3,4,2,4,Cari tutorial/Youtube,3,4,3,4,5,Ya,4,
28/09/2025 20:34:13,Laki-Laki,2023,5,> 3.5,Aktif kuliah penuh waktu,"TikTok, Youtube, Instagram, X, Discord",2 - 4 jam,11 - 30%,2,5,4,4,4,4,4,5,5,5,5,4,Coba sendiri dulu,2,5,5,2,5,Ya,5,
28/09/2025 20:43:20,Laki-Laki,2023,5,> 3.5,Aktif kuliah penuh waktu,"Youtube, Instagram, Telegram, Discord, LinkedIn",4 - 6 jam,11 - 30%,3,5,3,4,2,3,4,2,3,3,1,4,Coba sendiri dulu,2,4,5,5,5,Ya,4,
28/09/2025 21:03:54,Perempuan,2023,5,> 3.5,Aktif kuliah penuh waktu,"TikTok, Youtube, Instagram, X",> 6 jam,11 - 30%,3,4,3,3,3,3,3,3,3,4,3,4,Coba sendiri dulu,1,3,4,3,4,Ya,3,
28/09/2025 21:31:34,Laki-Laki,2023,5,> 3.5,Aktif kuliah penuh waktu,"Youtube, Instagram, X, Discord",2 - 4 jam,11 - 30%,2,4,2,3,2,4,4,4,3,4,3,4,Tanya AI,1,4,2,4,5,Ya,3,
28/09/2025 21:47:59,Laki-Laki,2023,5,> 3.5,Aktif kuliah penuh waktu,"Youtube, Instagram, Discord, LinkedIn",4 - 6 jam,11 - 30%,3,5,2,4,2,3,2,3,3,4,3,5,Coba sendiri dulu,3,4,3,4,4,Ya,2,
29/09/2025 00:29:18,Perempuan,2023,5,> 3.5,Aktif kuliah penuh waktu,"TikTok, Youtube, Instagram, X, Discord, LinkedIn",4 - 6 jam,11 - 30%,4,5,4,3,4,3,2,4,4,4,4,4,Cari tutorial/Youtube,3,3,3,4,3,Ya,4,
29/09/2025 00:35:33,Laki-Laki,2023,5,3.0 - 3.5,Aktif kuliah penuh waktu,"TikTok, Youtube, Discord",4 - 6 jam,11 - 30%,3,4,4,4,3,4,4,4,4,4,4,4,Tanya teman/Discord,4,3,4,4,4,Tidak,4,
29/09/2025 07:45:44,Laki-Laki,2023,5,3.0 - 3.5,Aktif kuliah penuh waktu,"Youtube, Instagram, Discord",2 - 4 jam,31 - 50%,4,2,4,4,2,2,4,4,4,4,3,2,Cari tutorial/Youtube,3,2,2,4,5,Ya,3,
29/09/2025 10:51:03,Perempuan,2023,5,3.0 - 3.5,Aktif kuliah penuh waktu,X,2 - 4 jam,11 - 30%,3,2,4,1,3,2,3,3,4,2,3,3,Cari tutorial/Youtube,2,1,2,3,3,Ya,4,
29/09/2025 12:41:50,Perempuan,2023,5,> 3.5,Aktif kuliah penuh waktu,"TikTok, Youtube, Instagram",2 - 4 jam,31 - 50%,4,3,5,2,5,2,1,5,5,5,5,2,Coba sendiri dulu,1,2,2,3,5,Ya,4,
29/09/2025 12:56:15,Perempuan,2023,5,3.0 - 3.5,Aktif kuliah penuh waktu,"Youtube, Instagram, X, Discord, Pinterest",2 - 4 jam,0 - 10%,3,4,4,3,2,3,4,3,3,3,2,5,Baca dokumentasi resmi,2,4,4,3,3,Ya,3,
29/09/2025 14:50:52,Laki-Laki,2023,5,> 3.5,Aktif kuliah penuh waktu,"TikTok, Youtube, Instagram, X, Discord",2 - 4 jam,11 - 30%,4,4,4,3,4,3,2,3,4,4,3,5,Tanya AI,2,4,3,3,4,Tidak,3,
29/09/2025 16:30:54,Perempuan,2023,5,> 3.5,Aktif kuliah penuh waktu,"TikTok, Instagram, X",> 6 jam,11 - 30%,3,3,3,3,3,3,3,3,3,3,3,3,Baca dokumentasi resmi,2,3,3,3,3,Ya,3,
29/09/2025 22:53:57,Laki-Laki,2022,7,> 3.5,Aktif + kerja paruh waktu,"Youtube, Instagram, Discord, Reddit, LinkedIn",2 - 4 jam,31 - 50%,4,3,4,4,4,2,4,4,4,4,4,2,Coba sendiri dulu,1,3,2,3,3,Tidak,3,
30/09/2025 08:16:38,Laki-Laki,2023,5,> 3.5,Aktif kuliah penuh waktu,"TikTok, Youtube, Instagram, Facebook, Discord, Reddit",4 - 6 jam,11 - 30%,5,3,4,5,4,5,5,5,5,5,5,4,Cari tutorial/Youtube,3,3,4,4,5,Ya,4,
30/09/2025 15:28:25,Laki-Laki,2022,7,> 3.5,Aktif + kerja paruh waktu,"TikTok, Youtube, Instagram, X, Discord, LinkedIn",4 - 6 jam,11 - 30%,3,3,3,4,2,4,2,3,4,4,4,3,Cari tutorial/Youtube,3,4,5,5,5,Ya,3,
30/09/2025 15:36:52,Laki-Laki,2023,5,> 3.5,Aktif kuliah penuh waktu,"Youtube, Instagram, Discord, Reddit, LinkedIn",> 6 jam,51 - 70%,2,4,3,2,5,2,1,1,1,2,1,4,Tanya teman/Discord,1,3,2,3,2,Ya,4,
30/09/2025 15:51:03,Laki-Laki,2022,7,> 3.5,Aktif kuliah penuh waktu,"Instagram, X, LinkedIn",4 - 6 jam,11 - 30%,4,5,3,4,4,5,3,4,4,5,5,4,Coba sendiri dulu,2,5,2,3,4,Ya,4,
30/09/2025 16:50:28,Laki-Laki,2023,5,> 3.5,Aktif kuliah penuh waktu,"Youtube, Instagram, X, Discord",> 6 jam,11 - 30%,3,5,3,2,2,1,4,3,3,3,5,4,Tanya teman/Discord,4,4,5,4,5,Ya,5,
30/09/2025 19:03:27,Laki-Laki,2024,3,> 3.5,Aktif kuliah penuh waktu,"TikTok, Youtube, Instagram, X, Discord, LinkedIn",4 - 6 jam,31 - 50%,4,3,4,4,4,4,4,5,5,5,3,2,Coba sendiri dulu,4,3,3,3,3,Ya,4,
30/09/2025 19:04:30,Perempuan,2024,3,2.5 - 3.0,Aktif kuliah penuh waktu,"TikTok, Instagram, X",4 - 6 jam,> 70%,2,5,2,2,3,2,1,4,3,3,3,5,Tanya teman/Discord,2,2,4,3,3,Ya,2,
30/09/2025 19:10:25,Laki-Laki,2024,3,3.0 - 3.5,Aktif kuliah penuh waktu,"Youtube, Instagram",2 - 4 jam,11 - 30%,5,3,4,4,4,2,3,4,4,3,4,4,Coba sendiri dulu,4,3,4,3,3,Ya,3,
30/09/2025 19:12:50,Laki-Laki,2024,3,> 3.5,Aktif kuliah penuh waktu,"Youtube, Discord",4 - 6 jam,31 - 50%,3,4,4,2,2,5,5,5,5,5,5,5,Cari tutorial/Youtube,4,2,3,2,4,Ya,5,
30/09/2025 19:13:52,Laki-Laki,2024,3,3.0 - 3.5,Aktif kuliah penuh waktu,"Youtube, X, Discord, Reddit",4 - 6 jam,31 - 50%,3,5,1,3,5,1,1,4,4,3,2,4,Tanya AI,1,4,2,5,5,Ya,5,
30/09/2025 19:13:59,Laki-Laki,2024,3,> 3.5,Aktif kuliah penuh waktu,"Youtube, Instagram",4 - 6 jam,11 - 30%,3,3,3,2,3,5,5,3,3,4,3,5,Tanya teman/Discord,1,3,2,3,4,Ya,4,
30/09/2025 19:46:25,Laki-Laki,2024,3,> 3.5,Aktif kuliah penuh waktu,"Youtube, Instagram, X, Facebook, Discord, LinkedIn",2 - 4 jam,11 - 30%,5,4,5,5,5,3,2,5,5,5,3,4,Cari tutorial/Youtube,4,2,5,4,5,Ya,4,
01/10/2025 17:21:24,Laki-Laki,2023,5,> 3.5,Aktif + kerja paruh waktu,"TikTok, Youtube, Instagram, X, Discord, Reddit, LinkedIn",> 6 jam,51 - 70%,5,3,3,5,2,1,2,3,4,2,1,3,Coba sendiri dulu,1,3,5,4,3,Ya,1,
01/10/2025 22:02:01,Laki-Laki,2022,7,> 3.5,Aktif kuliah penuh waktu,"Youtube, Instagram, X, Discord",4 - 6 jam,11 - 30%,2,5,3,2,2,3,2,3,3,4,3,5,Tanya teman/Discord,2,2,5,4,5,Ya,3,
06/10/2025 15:29:25,Laki-Laki,2024,3,> 3.5,Aktif kuliah penuh waktu,"Youtube, Instagram, X, Discord",2 - 4 jam,11 - 30%,4,4,3,2,3,2,4,3,4,4,3,3,Coba sendiri dulu,2,3,2,3,3,Ya,3,
06/10/2025 15:35:44,Laki-Laki,2024,3,2.0 - 2.5,Aktif kuliah penuh waktu,"TikTok, Youtube, Instagram, Discord",4 - 6 jam,51 - 70%,4,4,3,3,3,4,5,4,4,4,3,3,Coba sendiri dulu,4,3,4,4,4,Ya,4,
06/10/2025 16:38:20,Laki-Laki,2024,3,> 3.5,Aktif kuliah penuh waktu,"Youtube, Instagram",2 - 4 jam,11 - 30%,2,4,3,3,2,3,3,4,3,4,4,4,Tanya AI,3,4,4,4,4,Ya,5,
06/10/2025 17:05:32,Laki-Laki,2022,7,3.0 - 3.5,Aktif + kerja paruh waktu,"TikTok, Youtube, Instagram, X, Discord, Reddit, LinkedIn",2 - 4 jam,31 - 50%,4,3,4,4,4,4,4,4,4,4,4,3,Tanya AI,4,2,2,4,4,Ya,4,
06/10/2025 18:46:03,Laki-Laki,2024,3,3.0 - 3.5,Aktif kuliah penuh waktu,"Youtube, Instagram, Facebook, Discord, Reddit",2 - 4 jam,31 - 50%,5,4,5,2,5,2,3,5,5,5,5,3,Cari tutorial/Youtube,1,4,4,3,3,Ya,4,
06/10/2025 19:38:11,Perempuan,2022,7,> 3.5,Aktif + kerja paruh waktu,"TikTok, Youtube, Instagram",> 6 jam,11 - 30%,2,5,3,5,3,3,2,5,5,4,4,5,Tanya AI,4,3,4,5,5,Ya,3,
06/10/2025 19:50:13,Laki-Laki,2024,3,> 3.5,Aktif kuliah penuh waktu,"Youtube, Instagram, Discord",4 - 6 jam,51 - 70%,3,5,4,2,5,5,4,5,5,4,5,2,Coba sendiri dulu,4,2,4,1,1,Tidak,5,
07/10/2025 09:40:13,Laki-Laki,2024,3,> 3.5,Aktif kuliah penuh waktu,"TikTok, Youtube, Instagram, X",2 - 4 jam,11 - 30%,4,5,4,4,4,2,1,3,2,2,2,4,Tanya AI,3,2,5,2,3,Ya,2,
07/10/2025 12:44:32,Laki-Laki,2023,5,2.5 - 3.0,Aktif kuliah penuh waktu,"TikTok, Youtube, X, Discord",4 - 6 jam,11 - 30%,2,4,4,2,2,3,1,4,3,4,2,5,Cari tutorial/Youtube,1,3,5,3,3,Ya,2,
07/10/2025 21:05:15,Laki-Laki,2023,5,> 3.5,Aktif kuliah penuh waktu,"TikTok, Youtube, Instagram, X, Facebook, Telegram, Discord, Reddit, LinkedIn",> 6 jam,11 - 30%,3,5,4,4,3,4,2,2,4,3,3,3,Cari tutorial/Youtube,3,4,4,3,4,Ya,4,
07/10/2025 21:05:33,Laki-Laki,2023,5,> 3.5,Aktif kuliah penuh waktu,"TikTok, Instagram, X, LinkedIn",2 - 4 jam,11 - 30%,4,5,4,5,4,4,4,2,2,4,5,4,Tanya AI,4,4,4,5,4,Ya,2,
07/10/2025 21:06:59,Laki-Laki,2022,7,> 3.5,Aktif + kerja paruh waktu,"TikTok, Youtube, Instagram, X, Discord, LinkedIn",1 - 2 jam,51 - 70%,3,4,3,3,3,4,4,4,3,4,3,4,Tanya AI,5,3,4,2,4,Ya,5,
07/10/2025 21:09:15,Laki-Laki,2023,5,> 3.5,Aktif kuliah penuh waktu,"Youtube, Instagram",2 - 4 jam,51 - 70%,4,2,2,2,4,4,2,4,2,5,2,5,Tanya AI,2,2,4,2,2,Tidak,4,
07/10/2025 22:52:26,Perempuan,2022,7,> 3.5,Aktif kuliah penuh waktu,"TikTok, Youtube, Instagram, X, LinkedIn",> 6 jam,11 - 30%,5,3,5,5,5,5,3,4,4,5,4,3,Baca dokumentasi resmi,4,4,5,5,5,Ya,5,
07/10/2025 22:57:46,Laki-Laki,2023,5,> 3.5,Aktif kuliah penuh waktu,"Youtube, Discord, Whatsapp",1 - 2 jam,0 - 10%,5,2,4,5,3,1,5,3,2,2,3,5,Baca dokumentasi resmi,2,5,1,3,5,Ya,3,
07/10/2025 23:17:23,Perempuan,2023,5,> 3.5,Aktif + kerja paruh waktu,"TikTok, Youtube, Instagram, LinkedIn",2 - 4 jam,11 - 30%,2,5,3,2,2,3,1,5,3,2,2,5,Coba sendiri dulu,4,2,5,4,5,Ya,3,
07/10/2025 23:28:47,Laki-Laki,2024,3,> 3.5,Aktif kuliah penuh waktu,"TikTok, Instagram, Discord",4 - 6 jam,11 - 30%,3,5,2,2,2,3,3,5,4,4,3,5,Tanya AI,3,2,5,4,4,Ya,3,
07/10/2025 23:42:26,Laki-Laki,2023,5,3.0 - 3.5,Aktif kuliah penuh waktu,"Youtube, Instagram, X, Discord",4 - 6 jam,11 - 30%,3,4,2,4,1,4,5,3,2,4,2,4,Coba sendiri dulu,1,1,5,4,3,Ya,3,
08/10/2025 00:53:06,Laki-Laki,2024,3,> 3.5,Aktif kuliah penuh waktu,Instagram,2 - 4 jam,11 - 30%,2,4,1,4,1,3,3,3,2,4,3,4,Coba sendiri dulu,3,3,3,4,4,Ya,4,
08/10/2025 00:54:00,Perempuan,2024,3,> 3.5,Aktif kuliah penuh waktu,"TikTok, Youtube, Instagram",2 - 4 jam,11 - 30%,3,3,3,3,3,4,3,2,2,2,2,4,Tanya teman/Discord,4,4,3,2,4,Ya,3,
08/10/2025 16:34:31,Perempuan,2024,3,3.0 - 3.5,Aktif kuliah penuh waktu,"Youtube, X, Discord",4 - 6 jam,31 - 50%,3,4,3,4,3,5,2,3,3,4,4,3,Tanya teman/Discord,4,5,4,4,4,Ya,2,
08/10/2025 19:21:09,Perempuan,2024,3,> 3.5,Aktif kuliah penuh waktu,"TikTok, Youtube, Instagram",> 6 jam,11 - 30%,4,4,1,4,2,5,1,4,4,4,3,5,Tanya AI,2,1,4,2,5,Ya,2,
13/10/2025 21:00:07,Perempuan,2024,3,> 3.5,Aktif + kerja paruh waktu,"Youtube, Instagram, Discord",1 - 2 jam,31 - 50%,4,4,4,2,4,4,4,5,5,4,4,4,Tanya AI,2,4,5,4,4,Ya,3,
14/10/2025 19:31:55,Laki-Laki,2022,7,> 3.5,Aktif + kerja paruh waktu,"TikTok, Youtube, Instagram, X, Discord, LinkedIn",4 - 6 jam,> 70%,5,2,5,5,5,4,5,4,3,4,4,4,Baca dokumentasi resmi,4,3,3,4,5,Ya,4,
14/10/2025 19:34:19,Laki-Laki,2024,3,3.0 - 3.5,Aktif kuliah penuh waktu,Instagram,> 6 jam,11 - 30%,2,5,2,2,2,2,2,3,3,3,3,4,Tanya AI,1,5,4,4,5,Tidak,2,
14/10/2025 19:41:48,Laki-Laki,2024,3,3.0 - 3.5,Aktif + kerja paruh waktu,"TikTok, Youtube, Instagram, Discord",> 6 jam,0 - 10%,1,5,1,1,1,1,2,1,1,1,1,5,Tanya AI,1,1,5,1,4,Ya,1,
14/10/2025 20:00:05,Perempuan,2023,5,3.0 - 3.5,Aktif kuliah penuh waktu,"Instagram, X",2 - 4 jam,0 - 10%,1,5,1,1,1,1,2,1,1,1,3,3,Coba sendiri dulu,2,4,1,3,3,Ya,2,
14/10/2025 20:04:02,Perempuan,2024,3,> 3.5,Aktif kuliah penuh waktu,"TikTok, Instagram",4 - 6 jam,31 - 50%,3,3,4,3,4,3,4,3,4,5,4,2,Baca dokumentasi resmi,3,4,3,3,4,Ya,3,
14/10/2025 20:05:57,Laki-Laki,2022,7,3.0 - 3.5,Aktif kuliah penuh waktu,"Facebook, Telegram, Discord, Reddit, LinkedIn",> 6 jam,11 - 30%,5,3,4,4,4,4,4,3,3,5,4,3,Baca dokumentasi resmi,4,3,3,4,4,Ya,2,
14/10/2025 20:52:07,Perempuan,2024,3,3.0 - 3.5,Aktif kuliah penuh waktu,"TikTok, Youtube, Instagram",4 - 6 jam,51 - 70%,4,4,4,4,4,5,4,4,5,4,4,5,Tanya teman/Discord,4,4,5,4,4,Ya,4,
14/10/2025 20:53:52,Perempuan,2023,5,2.5 - 3.0,Aktif + kerja paruh waktu,"Facebook, Telegram, Reddit",> 6 jam,11 - 30%,2,2,2,3,2,3,2,3,3,4,3,3,Tanya teman/Discord,3,3,4,4,4,Ya,5,
14/10/2025 20:56:11,Perempuan,2022,7,> 3.5,Aktif + kerja paruh waktu,"TikTok, Youtube, Instagram, X, Facebook",4 - 6 jam,51 - 70%,5,4,4,4,4,5,4,3,3,5,3,4,Coba sendiri dulu,4,4,4,4,4,Ya,4,
14/10/2025 20:58:11,Perempuan,2024,3,> 3.5,Aktif kuliah penuh waktu,"Youtube, X",4 - 6 jam,51 - 70%,4,3,4,2,3,2,3,3,2,5,3,3,Tanya AI,4,3,4,5,5,Ya,3,
14/10/2025 20:58:24,Laki-Laki,2023,5,3.0 - 3.5,Aktif kuliah penuh waktu,"TikTok, Youtube, Instagram",1 - 2 jam,31 - 50%,4,5,4,5,4,3,2,5,5,4,4,5,Tanya AI,2,4,3,3,4,Ya,5,
14/10/2025 21:00:13,Perempuan,2023,5,> 3.5,Aktif kuliah penuh waktu,"Youtube, Instagram",> 6 jam,11 - 30%,5,5,4,4,3,2,2,2,3,5,2,3,Coba sendiri dulu,3,5,5,4,4,Ya,4,
14/10/2025 21:07:08,Perempuan,2022,7,3.0 - 3.5,Aktif kuliah penuh waktu,TikTok,4 - 6 jam,11 - 30%,1,5,1,2,1,5,1,3,2,3,5,5,Tanya AI,2,4,3,5,5,Ya,4,
14/10/2025 21:09:14,Perempuan,2024,3,> 3.5,Aktif kuliah penuh waktu,"TikTok, X",4 - 6 jam,31 - 50%,5,5,4,4,4,5,3,4,4,5,5,5,Coba sendiri dulu,4,4,5,4,4,Ya,5,